{"SUCC": [0.36016231405076615, 0.9385624830005327, 0.37312171546854933, 0.265461151660108], "OSUCC": [1.9246745332552995], "DUCC": [3.004305463404625, 3.6227431242788204], "DUCC extra": [0.2706512693341674, 0.8349565118716837], "FSSR": [0.001, 1.6992901431459964]}